id;employee_name;employee_security_number;employee_emergency_number;employee_number;employee_zip_address;employee_address;employee_detail_address;employee_start_date;employee_leave_date
1;Som Rustic Frozen Keyboard ROI;Benin;Tuna Response invoice;alarm Jamaica;system Gorgeous Rubber Pants;hack;leading-edge;2021-03-18T23:39:14;2021-03-19T00:45:10
2;Incredible Fresh Chips;Shoes Music connect;Hollow Shoes systems;Generic Frozen Tuna HTTP;implement;Optimization Cambridgeshire;payment Soap;2021-03-19T00:09:48;2021-03-18T03:12:14
3;Solutions COM;Data North Dakota;North Carolina Granite;Somalia Web revolutionize;invoice teal analyzing;Fantastic;Ergonomic Rubber Chicken;2021-03-18T17:46:47;2021-03-19T00:08:54
4;functionalities quantifying;wireless;hybrid;Solomon Islands Dollar;Personal Loan Account HTTP;schemas Specialist China;quantify multi-byte;2021-03-18T02:05:06;2021-03-18T08:17:51
5;Cotton Robust;user-centric Infrastructure;Managed Dobra application;Fantastic;Liechtenstein Buckinghamshire monetize;Direct;Small Frozen Salad bypassing;2021-03-18T17:20:21;2021-03-18T18:11:37
6;Quality Applications Missouri;Practical Gorgeous;knowledge user Danish Krone;Data neural Wooden;Cambridgeshire Tasty Rubber Car mindshare;Guam bandwidth Liaison;program Auto Loan Account Refined;2021-03-18T23:50:18;2021-03-18T15:37:51
7;Centralized revolutionize International;Sleek;Visionary;exploit transition;User-centric Principal Pennsylvania;repurpose Sleek;mesh system Triple-buffered;2021-03-18T17:55:51;2021-03-18T23:11:18
8;Bedfordshire Tools;Arizona hack;Fresh payment synthesize;Versatile seize;asymmetric EXE;web services;Industrial Designer Incredible Fresh Car;2021-03-18T13:11:32;2021-03-18T03:39:57
9;Senior Optional Yemeni Rial;Central African Republic;magenta heuristic;Credit Card Account Maryland Legacy;Product;Brand Regional Court;B2B Mouse;2021-03-18T10:19:58;2021-03-18T14:43:42
10;one-to-one Indiana;holistic;Architect;Beauty dynamic schemas;Pound Sterling Keyboard;Licensed Usability models;Personal Loan Account markets;2021-03-18T03:28:18;2021-03-18T04:49:02
